>-1-01																																																																				
-6.65																																																																				
G	G	G	A	C	A	G	G	G	C	T	A	G	C	C	C	C	T	A	G	G	T	G	A	C	A	C	T	C	C	A	A	C	C	T	C	A	G	A	A	T	T	A	A	T	G	T	G	T	T	T	A	A	T	G	A	G	G	C	A	A	A	G	C	T	T	C	C	G
1	2	3	4	5	6	7	8	9	10	11	12	13	14	15	16	17	18	19	20	21	22	23	24	25	26	27	28	29	30	31	32	33	34	35	36	37	38	39	40	41	42	43	44	45	46	47	48	49	50	51	52	53	54	55	56	57	58	59	60	61	62	63	64	65	66	67	68	69
0	0	0	0	0	18	17	16	15	0	0	0	0	0	9	8	7	6	0	0	0	0	0	0	0	0	0	0	0	0	0	0	58	57	56	55	54	0	0	0	53	52	51	50	0	0	0	0	0	44	43	42	41	37	36	35	34	33	0	0	0	0	0	0	0	0	0	0	0
0	0	0	0	0	1	1	1	1	1	1	1	1	1	1	1	1	1	0	0	0	0	0	0	0	0	0	0	0	0	0	0	1	1	1	1	1	1	1	1	2	2	2	2	2	2	2	2	2	2	2	2	2	1	1	1	1	1	0	0	0	0	0	0	0	0	0	0	0
m	m	m	m	m	M	M	M	M	M	M	M	M	M	M	M	M	M	m	m	m	m	m	m	m	m	m	m	m	m	m	m	1	1	1	1	1	1	1	1	M	M	M	M	M	M	M	M	M	M	M	M	M	-1	-1	-1	-1	-1	m	m	m	m	m	m	m	m	m	m	m
S	S	S	S	S	DH	DH	DH	DH	BH	BH	BH	BH	BH	DH	DH	DH	DH	S	S	S	S	S	S	S	S	S	S	S	S	S	S	D	D	D	D	D	B	B	B	DH	DH	DH	DH	BH	BH	BH	BH	BH	DH	DH	DH	DH	D	D	D	D	D	S	S	S	S	S	S	S	S	S	S	S
---------------																																																																				
>-1-04																																																																				
-5.3																																																																				
G	G	G	A	C	A	G	G	G	C	T	A	G	C	G	G	A	C	T	T	T	G	G	G	A	A	T	A	T	C	A	T	G	C	G	G	G	G	T	T	T	G	G	A	T	A	G	A	T	G	A	T	A	A	G	A	G	G	C	A	A	A	G	C	T	T	C	C	G
1	2	3	4	5	6	7	8	9	10	11	12	13	14	15	16	17	18	19	20	21	22	23	24	25	26	27	28	29	30	31	32	33	34	35	36	37	38	39	40	41	42	43	44	45	46	47	48	49	50	51	52	53	54	55	56	57	58	59	60	61	62	63	64	65	66	67	68	69
0	0	0	0	0	0	0	0	0	0	0	0	0	69	68	67	66	63	62	61	60	59	0	0	0	0	53	52	51	50	49	48	0	0	0	0	0	0	0	0	0	0	0	0	0	0	0	32	31	30	29	28	27	0	0	0	0	0	22	21	20	19	18	0	0	17	16	15	14
0	0	0	0	0	0	0	0	0	0	0	0	0	1	1	1	1	2	2	2	2	2	2	2	2	2	3	3	3	3	3	3	3	3	3	3	3	3	3	3	3	3	3	3	3	3	3	3	3	3	3	3	3	2	2	2	2	2	2	2	2	2	2	1	1	1	1	1	1
m	m	m	m	m	m	m	m	m	m	m	m	m	1	1	1	1	1	1	1	1	1	1	1	1	1	M	M	M	M	M	M	M	M	M	M	M	M	M	M	M	M	M	M	M	M	M	M	M	M	M	M	M	-1	-1	-1	-1	-1	-1	-1	-1	-1	-1	m	m	m	m	m	m
S	S	S	S	S	S	S	S	S	S	S	S	S	D	D	D	D	D	D	D	D	D	IA	IA	IA	IA	DH	DH	DH	DH	DH	DH	BH	BH	BH	BH	BH	BH	BH	BH	BH	BH	BH	BH	BH	BH	BH	DH	DH	DH	DH	DH	DH	IA	IA	IA	IA	IA	D	D	D	D	D	B	B	D	D	D	D
---------------																																																																				
>-1-05																																																																				
-2.95																																																																				
G	G	G	A	C	A	G	G	G	C	T	A	G	C	A	C	T	C	T	A	A	A	A	A	T	A	G	A	T	T	G	T	T	G	T	T	A	A	T	T	T	A	A	C	C	T	A	T	A	G	G	C	C	C	G	A	G	G	C	A	A	A	G	C	T	T	C	C	G
1	2	3	4	5	6	7	8	9	10	11	12	13	14	15	16	17	18	19	20	21	22	23	24	25	26	27	28	29	30	31	32	33	34	35	36	37	38	39	40	41	42	43	44	45	46	47	48	49	50	51	52	53	54	55	56	57	58	59	60	61	62	63	64	65	66	67	68	69
0	0	0	0	0	0	0	0	0	0	0	0	0	31	30	0	28	27	26	0	0	0	0	0	0	19	18	17	0	15	14	0	0	44	43	42	0	0	0	0	0	36	35	34	0	0	0	0	0	0	59	58	57	0	0	0	53	52	51	0	0	0	0	0	0	0	0	0	0
0	0	0	0	0	0	0	0	0	0	0	0	0	1	1	1	2	2	2	2	2	2	2	2	2	2	2	2	1	1	1	0	0	1	1	1	1	1	1	1	1	1	1	1	0	0	0	0	0	0	1	1	1	1	1	1	1	1	1	0	0	0	0	0	0	0	0	0	0
m	m	m	m	m	m	m	m	m	m	m	m	m	1	1	1	M	M	M	M	M	M	M	M	M	M	M	M	-1	-1	-1	m	m	M	M	M	M	M	M	M	M	M	M	M	m	m	m	m	m	m	M	M	M	M	M	M	M	M	M	m	m	m	m	m	m	m	m	m	m
S	S	S	S	S	S	S	S	S	S	S	S	S	D	D	IS	DH	DH	DH	BH	BH	BH	BH	BH	BH	DH	DH	DH	IS	D	D	S	S	DH	DH	DH	BH	BH	BH	BH	BH	DH	DH	DH	S	S	S	S	S	S	DH	DH	DH	BH	BH	BH	DH	DH	DH	S	S	S	S	S	S	S	S	S	S
---------------																																																																				
>-1-06																																																																				
-2.95																																																																				
G	G	G	A	C	A	G	G	G	C	T	A	G	C	A	C	T	C	T	A	A	A	A	A	T	A	G	A	T	T	G	T	T	G	T	T	A	A	T	T	T	A	A	C	C	T	A	T	A	G	G	C	C	C	G	A	G	G	C	A	A	A	G	C	T	T	C	C	G
1	2	3	4	5	6	7	8	9	10	11	12	13	14	15	16	17	18	19	20	21	22	23	24	25	26	27	28	29	30	31	32	33	34	35	36	37	38	39	40	41	42	43	44	45	46	47	48	49	50	51	52	53	54	55	56	57	58	59	60	61	62	63	64	65	66	67	68	69
0	0	0	0	0	0	0	0	0	0	0	0	0	31	30	0	28	27	26	0	0	0	0	0	0	19	18	17	0	15	14	0	0	44	43	42	0	0	0	0	0	36	35	34	0	0	0	0	0	0	59	58	57	0	0	0	53	52	51	0	0	0	0	0	0	0	0	0	0
0	0	0	0	0	0	0	0	0	0	0	0	0	1	1	1	2	2	2	2	2	2	2	2	2	2	2	2	1	1	1	0	0	1	1	1	1	1	1	1	1	1	1	1	0	0	0	0	0	0	1	1	1	1	1	1	1	1	1	0	0	0	0	0	0	0	0	0	0
m	m	m	m	m	m	m	m	m	m	m	m	m	1	1	1	M	M	M	M	M	M	M	M	M	M	M	M	-1	-1	-1	m	m	M	M	M	M	M	M	M	M	M	M	M	m	m	m	m	m	m	M	M	M	M	M	M	M	M	M	m	m	m	m	m	m	m	m	m	m
S	S	S	S	S	S	S	S	S	S	S	S	S	D	D	IS	DH	DH	DH	BH	BH	BH	BH	BH	BH	DH	DH	DH	IS	D	D	S	S	DH	DH	DH	BH	BH	BH	BH	BH	DH	DH	DH	S	S	S	S	S	S	DH	DH	DH	BH	BH	BH	DH	DH	DH	S	S	S	S	S	S	S	S	S	S
---------------																																																																				
>-1-09																																																																				
-5.3																																																																				
G	G	G	A	C	A	G	G	G	C	T	A	G	C	G	G	A	C	T	T	T	G	G	G	A	A	T	A	T	C	A	T	G	C	G	G	G	G	T	T	T	G	G	A	T	A	G	A	T	G	A	T	A	A	G	A	G	G	C	A	A	A	G	C	T	T	C	C	G
1	2	3	4	5	6	7	8	9	10	11	12	13	14	15	16	17	18	19	20	21	22	23	24	25	26	27	28	29	30	31	32	33	34	35	36	37	38	39	40	41	42	43	44	45	46	47	48	49	50	51	52	53	54	55	56	57	58	59	60	61	62	63	64	65	66	67	68	69
0	0	0	0	0	0	0	0	0	0	0	0	0	69	68	67	66	63	62	61	60	59	0	0	0	0	53	52	51	50	49	48	0	0	0	0	0	0	0	0	0	0	0	0	0	0	0	32	31	30	29	28	27	0	0	0	0	0	22	21	20	19	18	0	0	17	16	15	14
0	0	0	0	0	0	0	0	0	0	0	0	0	1	1	1	1	2	2	2	2	2	2	2	2	2	3	3	3	3	3	3	3	3	3	3	3	3	3	3	3	3	3	3	3	3	3	3	3	3	3	3	3	2	2	2	2	2	2	2	2	2	2	1	1	1	1	1	1
m	m	m	m	m	m	m	m	m	m	m	m	m	1	1	1	1	1	1	1	1	1	1	1	1	1	M	M	M	M	M	M	M	M	M	M	M	M	M	M	M	M	M	M	M	M	M	M	M	M	M	M	M	-1	-1	-1	-1	-1	-1	-1	-1	-1	-1	m	m	m	m	m	m
S	S	S	S	S	S	S	S	S	S	S	S	S	D	D	D	D	D	D	D	D	D	IA	IA	IA	IA	DH	DH	DH	DH	DH	DH	BH	BH	BH	BH	BH	BH	BH	BH	BH	BH	BH	BH	BH	BH	BH	DH	DH	DH	DH	DH	DH	IA	IA	IA	IA	IA	D	D	D	D	D	B	B	D	D	D	D
---------------																																																																				
>-1-17																																																																				
-2.95																																																																				
G	G	G	A	C	A	G	G	G	C	T	A	G	C	A	C	T	C	T	A	A	A	A	A	T	A	G	A	T	T	G	T	T	G	T	T	A	A	T	T	T	A	A	C	C	T	A	T	A	G	G	C	C	C	G	A	G	G	C	A	A	A	G	C	T	T	C	C	G
1	2	3	4	5	6	7	8	9	10	11	12	13	14	15	16	17	18	19	20	21	22	23	24	25	26	27	28	29	30	31	32	33	34	35	36	37	38	39	40	41	42	43	44	45	46	47	48	49	50	51	52	53	54	55	56	57	58	59	60	61	62	63	64	65	66	67	68	69
0	0	0	0	0	0	0	0	0	0	0	0	0	31	30	0	28	27	26	0	0	0	0	0	0	19	18	17	0	15	14	0	0	44	43	42	0	0	0	0	0	36	35	34	0	0	0	0	0	0	59	58	57	0	0	0	53	52	51	0	0	0	0	0	0	0	0	0	0
0	0	0	0	0	0	0	0	0	0	0	0	0	1	1	1	2	2	2	2	2	2	2	2	2	2	2	2	1	1	1	0	0	1	1	1	1	1	1	1	1	1	1	1	0	0	0	0	0	0	1	1	1	1	1	1	1	1	1	0	0	0	0	0	0	0	0	0	0
m	m	m	m	m	m	m	m	m	m	m	m	m	1	1	1	M	M	M	M	M	M	M	M	M	M	M	M	-1	-1	-1	m	m	M	M	M	M	M	M	M	M	M	M	M	m	m	m	m	m	m	M	M	M	M	M	M	M	M	M	m	m	m	m	m	m	m	m	m	m
S	S	S	S	S	S	S	S	S	S	S	S	S	D	D	IS	DH	DH	DH	BH	BH	BH	BH	BH	BH	DH	DH	DH	IS	D	D	S	S	DH	DH	DH	BH	BH	BH	BH	BH	DH	DH	DH	S	S	S	S	S	S	DH	DH	DH	BH	BH	BH	DH	DH	DH	S	S	S	S	S	S	S	S	S	S
---------------																																																																				
>-1-18																																																																				
-4.85																																																																				
G	G	G	A	C	A	G	G	G	C	T	A	G	C	G	T	T	T	G	T	T	A	T	G	A	C	C	C	G	A	A	T	G	T	T	G	G	G	C	A	G	A	A	C	G	A	G	T	T	G	G	G	A	T	G	A	G	G	C	A	A	A	G	C	T	T	C	C	G
1	2	3	4	5	6	7	8	9	10	11	12	13	14	15	16	17	18	19	20	21	22	23	24	25	26	27	28	29	30	31	32	33	34	35	36	37	38	39	40	41	42	43	44	45	46	47	48	49	50	51	52	53	54	55	56	57	58	59	60	61	62	63	64	65	66	67	68	69
0	0	0	0	0	0	0	0	64	63	62	0	59	58	0	56	46	45	44	43	42	0	40	39	0	38	37	36	35	0	0	0	0	0	29	28	27	26	24	23	0	21	20	19	18	17	0	0	0	0	0	0	0	0	0	16	0	14	13	0	0	11	10	9	0	0	0	0	0
0	0	0	0	0	0	0	0	1	1	1	1	2	2	2	3	4	4	4	4	4	4	5	5	5	6	6	6	6	6	6	6	6	6	6	6	6	6	5	5	4	4	4	4	4	4	3	3	3	3	3	3	3	3	3	3	2	2	2	1	1	1	1	1	0	0	0	0	0
m	m	m	m	m	m	m	m	1	1	1	1	1	1	1	1	1	1	1	1	1	1	1	1	1	M	M	M	M	M	M	M	M	M	M	M	M	M	-1	-1	-1	-1	-1	-1	-1	-1	-1	-1	-1	-1	-1	-1	-1	-1	-1	-1	-1	-1	-1	-1	-1	-1	-1	-1	m	m	m	m	m
S	S	S	S	S	S	S	S	D	D	D	IA	D	D	IS	D	D	D	D	D	D	IS	D	D	B	DH	DH	DH	DH	BH	BH	BH	BH	BH	DH	DH	DH	DH	D	D	IS	D	D	D	D	D	B	B	B	B	B	B	B	B	B	D	IS	D	D	IA	IA	D	D	D	S	S	S	S	S
---------------																																																																				
>-1-19																																																																				
-3.62																																																																				
G	G	G	A	C	A	G	G	G	C	T	A	G	C	C	A	C	T	C	G	G	T	C	G	G	T	T	A	C	T	G	T	C	G	T	G	C	T	C	T	C	A	T	C	A	A	C	G	T	A	T	G	G	C	G	A	G	G	C	A	A	A	G	C	T	T	C	C	G
1	2	3	4	5	6	7	8	9	10	11	12	13	14	15	16	17	18	19	20	21	22	23	24	25	26	27	28	29	30	31	32	33	34	35	36	37	38	39	40	41	42	43	44	45	46	47	48	49	50	51	52	53	54	55	56	57	58	59	60	61	62	63	64	65	66	67	68	69
0	0	33	32	31	30	29	0	0	0	0	0	22	21	20	0	0	0	0	15	14	13	0	0	0	0	0	0	7	6	5	4	3	0	0	0	0	0	0	0	0	0	0	0	0	0	55	54	0	0	0	0	0	48	47	0	0	0	0	0	0	0	0	0	0	0	0	0	0
0	0	1	1	1	1	1	1	1	1	1	1	2	2	2	2	2	2	2	2	2	2	1	1	1	1	1	1	1	1	1	1	1	0	0	0	0	0	0	0	0	0	0	0	0	0	1	1	1	1	1	1	1	1	1	0	0	0	0	0	0	0	0	0	0	0	0	0	0
m	m	1	1	1	1	1	1	1	1	1	1	M	M	M	M	M	M	M	M	M	M	-1	-1	-1	-1	-1	-1	-1	-1	-1	-1	-1	m	m	m	m	m	m	m	m	m	m	m	m	m	M	M	M	M	M	M	M	M	M	m	m	m	m	m	m	m	m	m	m	m	m	m	m
S	S	D	D	D	D	D	IA	IA	IA	IA	IA	DH	DH	DH	BH	BH	BH	BH	DH	DH	DH	IA	IA	IA	IA	IA	IA	D	D	D	D	D	S	S	S	S	S	S	S	S	S	S	S	S	S	DH	DH	BH	BH	BH	BH	BH	DH	DH	S	S	S	S	S	S	S	S	S	S	S	S	S	S
---------------																																																																				
>-1-19																																																																				
-3.51																																																																				
G	G	G	A	C	A	G	G	G	C	T	A	G	C	C	A	C	T	C	G	G	T	C	G	G	T	T	A	C	T	G	T	C	G	T	G	C	T	C	T	C	A	T	C	A	A	C	G	T	A	T	G	G	C	G	A	G	G	C	A	A	A	G	C	T	T	C	C	G
1	2	3	4	5	6	7	8	9	10	11	12	13	14	15	16	17	18	19	20	21	22	23	24	25	26	27	28	29	30	31	32	33	34	35	36	37	38	39	40	41	42	43	44	45	46	47	48	49	50	51	52	53	54	55	56	57	58	59	60	61	62	63	64	65	66	67	68	69
0	0	0	0	0	0	0	0	64	63	62	0	59	58	57	0	0	56	55	54	0	0	0	0	0	0	0	0	0	0	0	0	48	47	46	0	0	0	0	0	0	0	0	0	0	35	34	33	0	0	0	0	0	20	19	18	15	14	13	0	0	11	10	9	0	0	0	0	0
0	0	0	0	0	0	0	0	1	1	1	1	2	2	2	2	2	3	3	3	3	3	3	3	3	3	3	3	3	3	3	3	4	4	4	4	4	4	4	4	4	4	4	4	4	4	4	4	3	3	3	3	3	3	3	3	2	2	2	1	1	1	1	1	0	0	0	0	0
m	m	m	m	m	m	m	m	1	1	1	1	1	1	1	1	1	1	1	1	1	1	1	1	1	1	1	1	1	1	1	1	M	M	M	M	M	M	M	M	M	M	M	M	M	M	M	M	-1	-1	-1	-1	-1	-1	-1	-1	-1	-1	-1	-1	-1	-1	-1	-1	m	m	m	m	m
S	S	S	S	S	S	S	S	D	D	D	IA	D	D	D	B	B	D	D	D	IA	IA	IA	IA	IA	IA	IA	IA	IA	IA	IA	IA	DH	DH	DH	BH	BH	BH	BH	BH	BH	BH	BH	BH	BH	DH	DH	DH	IA	IA	IA	IA	IA	D	D	D	D	D	D	IA	IA	D	D	D	S	S	S	S	S
---------------																																																																				
>-1-19																																																																				
-3.44																																																																				
G	G	G	A	C	A	G	G	G	C	T	A	G	C	C	A	C	T	C	G	G	T	C	G	G	T	T	A	C	T	G	T	C	G	T	G	C	T	C	T	C	A	T	C	A	A	C	G	T	A	T	G	G	C	G	A	G	G	C	A	A	A	G	C	T	T	C	C	G
1	2	3	4	5	6	7	8	9	10	11	12	13	14	15	16	17	18	19	20	21	22	23	24	25	26	27	28	29	30	31	32	33	34	35	36	37	38	39	40	41	42	43	44	45	46	47	48	49	50	51	52	53	54	55	56	57	58	59	60	61	62	63	64	65	66	67	68	69
0	0	0	0	0	0	0	0	59	58	57	0	54	53	52	51	0	0	48	47	0	0	0	0	0	0	0	0	0	0	0	0	0	0	0	0	0	0	0	0	0	0	0	0	0	0	20	19	0	0	16	15	14	13	0	0	11	10	9	0	0	0	0	0	0	0	0	0	0
0	0	0	0	0	0	0	0	1	1	1	1	2	2	2	2	2	2	3	3	3	3	3	3	3	3	3	3	3	3	3	3	3	3	3	3	3	3	3	3	3	3	3	3	3	3	3	3	2	2	2	2	2	2	1	1	1	1	1	0	0	0	0	0	0	0	0	0	0
m	m	m	m	m	m	m	m	1	1	1	1	1	1	1	1	1	1	M	M	M	M	M	M	M	M	M	M	M	M	M	M	M	M	M	M	M	M	M	M	M	M	M	M	M	M	M	M	-1	-1	-1	-1	-1	-1	-1	-1	-1	-1	-1	m	m	m	m	m	m	m	m	m	m
S	S	S	S	S	S	S	S	D	D	D	IA	D	D	D	D	IS	IS	DH	DH	BH	BH	BH	BH	BH	BH	BH	BH	BH	BH	BH	BH	BH	BH	BH	BH	BH	BH	BH	BH	BH	BH	BH	BH	BH	BH	DH	DH	IS	IS	D	D	D	D	IA	IA	D	D	D	S	S	S	S	S	S	S	S	S	S
---------------																																																																				
>-1-21																																																																				
-2.95																																																																				
G	G	G	A	C	A	G	G	G	C	T	A	G	C	C	C	C	C	T	T	C	A	A	T	T	T	A	C	T	T	C	A	C	T	C	C	T	A	A	T	T	A	T	G	T	C	G	T	A	C	C	G	T	A	G	A	G	G	C	A	A	A	G	C	T	T	C	C	G
1	2	3	4	5	6	7	8	9	10	11	12	13	14	15	16	17	18	19	20	21	22	23	24	25	26	27	28	29	30	31	32	33	34	35	36	37	38	39	40	41	42	43	44	45	46	47	48	49	50	51	52	53	54	55	56	57	58	59	60	61	62	63	64	65	66	67	68	69
0	0	0	0	0	19	18	17	16	0	0	0	0	0	0	9	8	7	6	0	0	0	0	0	0	0	0	0	0	0	0	0	0	0	0	0	0	0	0	0	0	0	0	0	0	0	0	0	0	58	57	0	0	0	0	0	51	50	0	0	0	0	0	0	0	0	0	0	0
0	0	0	0	0	1	1	1	1	1	1	1	1	1	1	1	1	1	1	0	0	0	0	0	0	0	0	0	0	0	0	0	0	0	0	0	0	0	0	0	0	0	0	0	0	0	0	0	0	1	1	1	1	1	1	1	1	1	0	0	0	0	0	0	0	0	0	0	0
m	m	m	m	m	M	M	M	M	M	M	M	M	M	M	M	M	M	M	m	m	m	m	m	m	m	m	m	m	m	m	m	m	m	m	m	m	m	m	m	m	m	m	m	m	m	m	m	m	M	M	M	M	M	M	M	M	M	m	m	m	m	m	m	m	m	m	m	m
S	S	S	S	S	DH	DH	DH	DH	BH	BH	BH	BH	BH	BH	DH	DH	DH	DH	S	S	S	S	S	S	S	S	S	S	S	S	S	S	S	S	S	S	S	S	S	S	S	S	S	S	S	S	S	S	DH	DH	BH	BH	BH	BH	BH	DH	DH	S	S	S	S	S	S	S	S	S	S	S
---------------																																																																				
>-1-22																																																																				
-8.32																																																																				
G	G	G	A	C	A	G	G	G	C	T	A	G	C	A	A	T	G	C	C	T	T	A	C	A	A	C	G	A	C	A	G	G	A	C	T	C	A	G	A	C	A	C	G	T	C	T	T	C	G	G	G	T	C	G	A	G	G	C	A	A	A	G	C	T	T	C	C	G
1	2	3	4	5	6	7	8	9	10	11	12	13	14	15	16	17	18	19	20	21	22	23	24	25	26	27	28	29	30	31	32	33	34	35	36	37	38	39	40	41	42	43	44	45	46	47	48	49	50	51	52	53	54	55	56	57	58	59	60	61	62	63	64	65	66	67	68	69
0	0	0	0	0	0	0	0	0	0	0	65	64	63	0	0	60	59	58	57	56	0	0	0	0	0	55	54	53	52	0	0	49	48	0	0	0	47	46	45	0	0	0	0	40	39	38	34	33	0	0	30	29	28	27	21	20	19	18	17	0	0	14	13	12	0	0	0	0
0	0	0	0	0	0	0	0	0	0	0	1	1	1	1	1	2	2	2	2	2	2	2	2	2	2	3	3	3	3	3	3	4	4	4	4	4	5	5	5	5	5	5	5	5	5	5	4	4	3	3	3	3	3	3	2	2	2	2	2	1	1	1	1	1	0	0	0	0
m	m	m	m	m	m	m	m	m	m	m	1	1	1	1	1	1	1	1	1	1	1	1	1	1	1	1	1	1	1	1	1	1	1	1	1	1	M	M	M	M	M	M	M	M	M	M	-1	-1	-1	-1	-1	-1	-1	-1	-1	-1	-1	-1	-1	-1	-1	-1	-1	-1	m	m	m	m
S	S	S	S	S	S	S	S	S	S	S	D	D	D	IS	IS	D	D	D	D	D	B	B	B	B	B	D	D	D	D	IS	IS	D	D	B	B	B	DH	DH	DH	BH	BH	BH	BH	DH	DH	DH	D	D	IS	IS	D	D	D	D	D	D	D	D	D	IS	IS	D	D	D	S	S	S	S
---------------																																																																				
>-1-23																																																																				
-3.06																																																																				
G	G	G	A	C	A	G	G	G	C	T	A	G	C	T	G	C	A	A	C	A	A	G	A	A	A	C	G	C	G	C	A	A	G	G	A	T	A	G	T	T	A	G	G	A	T	A	C	T	G	C	A	A	C	G	A	G	G	C	A	A	A	G	C	T	T	C	C	G
1	2	3	4	5	6	7	8	9	10	11	12	13	14	15	16	17	18	19	20	21	22	23	24	25	26	27	28	29	30	31	32	33	34	35	36	37	38	39	40	41	42	43	44	45	46	47	48	49	50	51	52	53	54	55	56	57	58	59	60	61	62	63	64	65	66	67	68	69
0	0	0	0	0	0	0	0	17	16	0	0	0	0	0	10	9	0	0	0	0	0	0	0	0	0	0	0	0	0	0	0	0	0	0	0	0	0	0	0	0	49	48	0	0	0	0	43	42	0	0	0	0	0	67	66	65	64	63	0	0	0	59	58	57	56	55	0	0
0	0	0	0	0	0	0	0	1	1	1	1	1	1	1	1	1	0	0	0	0	0	0	0	0	0	0	0	0	0	0	0	0	0	0	0	0	0	0	0	0	1	1	1	1	1	1	1	1	0	0	0	0	0	1	1	1	1	1	1	1	1	1	1	1	1	1	0	0
m	m	m	m	m	m	m	m	M	M	M	M	M	M	M	M	M	m	m	m	m	m	m	m	m	m	m	m	m	m	m	m	m	m	m	m	m	m	m	m	m	M	M	M	M	M	M	M	M	m	m	m	m	m	M	M	M	M	M	M	M	M	M	M	M	M	M	m	m
S	S	S	S	S	S	S	S	DH	DH	BH	BH	BH	BH	BH	DH	DH	S	S	S	S	S	S	S	S	S	S	S	S	S	S	S	S	S	S	S	S	S	S	S	S	DH	DH	BH	BH	BH	BH	DH	DH	S	S	S	S	S	DH	DH	DH	DH	DH	BH	BH	BH	DH	DH	DH	DH	DH	S	S
---------------																																																																				
>-1-25																																																																				
-5.3																																																																				
G	G	G	A	C	A	G	G	G	C	T	A	G	C	G	G	A	C	T	T	T	G	G	G	A	A	T	A	T	C	A	T	G	C	G	G	G	G	T	T	T	G	G	A	T	A	G	A	T	G	A	T	A	A	G	A	G	G	C	A	A	A	G	C	T	T	C	C	G
1	2	3	4	5	6	7	8	9	10	11	12	13	14	15	16	17	18	19	20	21	22	23	24	25	26	27	28	29	30	31	32	33	34	35	36	37	38	39	40	41	42	43	44	45	46	47	48	49	50	51	52	53	54	55	56	57	58	59	60	61	62	63	64	65	66	67	68	69
0	0	0	0	0	0	0	0	0	0	0	0	0	69	68	67	66	63	62	61	60	59	0	0	0	0	53	52	51	50	49	48	0	0	0	0	0	0	0	0	0	0	0	0	0	0	0	32	31	30	29	28	27	0	0	0	0	0	22	21	20	19	18	0	0	17	16	15	14
0	0	0	0	0	0	0	0	0	0	0	0	0	1	1	1	1	2	2	2	2	2	2	2	2	2	3	3	3	3	3	3	3	3	3	3	3	3	3	3	3	3	3	3	3	3	3	3	3	3	3	3	3	2	2	2	2	2	2	2	2	2	2	1	1	1	1	1	1
m	m	m	m	m	m	m	m	m	m	m	m	m	1	1	1	1	1	1	1	1	1	1	1	1	1	M	M	M	M	M	M	M	M	M	M	M	M	M	M	M	M	M	M	M	M	M	M	M	M	M	M	M	-1	-1	-1	-1	-1	-1	-1	-1	-1	-1	m	m	m	m	m	m
S	S	S	S	S	S	S	S	S	S	S	S	S	D	D	D	D	D	D	D	D	D	IA	IA	IA	IA	DH	DH	DH	DH	DH	DH	BH	BH	BH	BH	BH	BH	BH	BH	BH	BH	BH	BH	BH	BH	BH	DH	DH	DH	DH	DH	DH	IA	IA	IA	IA	IA	D	D	D	D	D	B	B	D	D	D	D
---------------																																																																				
>-1-32																																																																				
-8.32																																																																				
G	G	G	A	C	A	G	G	G	C	T	A	G	C	A	A	T	G	C	C	T	T	A	C	A	A	C	G	A	C	A	G	G	A	C	T	C	A	G	A	C	A	C	G	T	C	T	T	C	G	G	G	T	C	G	A	G	G	C	A	A	A	G	C	T	T	C	C	G
1	2	3	4	5	6	7	8	9	10	11	12	13	14	15	16	17	18	19	20	21	22	23	24	25	26	27	28	29	30	31	32	33	34	35	36	37	38	39	40	41	42	43	44	45	46	47	48	49	50	51	52	53	54	55	56	57	58	59	60	61	62	63	64	65	66	67	68	69
0	0	0	0	0	0	0	0	0	0	0	65	64	63	0	0	60	59	58	57	56	0	0	0	0	0	55	54	53	52	0	0	49	48	0	0	0	47	46	45	0	0	0	0	40	39	38	34	33	0	0	30	29	28	27	21	20	19	18	17	0	0	14	13	12	0	0	0	0
0	0	0	0	0	0	0	0	0	0	0	1	1	1	1	1	2	2	2	2	2	2	2	2	2	2	3	3	3	3	3	3	4	4	4	4	4	5	5	5	5	5	5	5	5	5	5	4	4	3	3	3	3	3	3	2	2	2	2	2	1	1	1	1	1	0	0	0	0
m	m	m	m	m	m	m	m	m	m	m	1	1	1	1	1	1	1	1	1	1	1	1	1	1	1	1	1	1	1	1	1	1	1	1	1	1	M	M	M	M	M	M	M	M	M	M	-1	-1	-1	-1	-1	-1	-1	-1	-1	-1	-1	-1	-1	-1	-1	-1	-1	-1	m	m	m	m
S	S	S	S	S	S	S	S	S	S	S	D	D	D	IS	IS	D	D	D	D	D	B	B	B	B	B	D	D	D	D	IS	IS	D	D	B	B	B	DH	DH	DH	BH	BH	BH	BH	DH	DH	DH	D	D	IS	IS	D	D	D	D	D	D	D	D	D	IS	IS	D	D	D	S	S	S	S
---------------																																																																				
>-1-43																																																																				
-3.06																																																																				
G	G	G	A	C	A	G	G	G	C	T	A	G	C	T	G	C	A	A	C	A	A	G	A	A	A	C	G	C	G	C	A	A	G	G	A	T	A	G	T	T	A	G	G	A	T	A	C	T	G	C	A	A	C	G	A	G	G	C	A	A	A	G	C	T	T	C	C	G
1	2	3	4	5	6	7	8	9	10	11	12	13	14	15	16	17	18	19	20	21	22	23	24	25	26	27	28	29	30	31	32	33	34	35	36	37	38	39	40	41	42	43	44	45	46	47	48	49	50	51	52	53	54	55	56	57	58	59	60	61	62	63	64	65	66	67	68	69
0	0	0	0	0	0	0	0	17	16	0	0	0	0	0	10	9	0	0	0	0	0	0	0	0	0	0	0	0	0	0	0	0	0	0	0	0	0	0	0	0	49	48	0	0	0	0	43	42	0	0	0	0	0	67	66	65	64	63	0	0	0	59	58	57	56	55	0	0
0	0	0	0	0	0	0	0	1	1	1	1	1	1	1	1	1	0	0	0	0	0	0	0	0	0	0	0	0	0	0	0	0	0	0	0	0	0	0	0	0	1	1	1	1	1	1	1	1	0	0	0	0	0	1	1	1	1	1	1	1	1	1	1	1	1	1	0	0
m	m	m	m	m	m	m	m	M	M	M	M	M	M	M	M	M	m	m	m	m	m	m	m	m	m	m	m	m	m	m	m	m	m	m	m	m	m	m	m	m	M	M	M	M	M	M	M	M	m	m	m	m	m	M	M	M	M	M	M	M	M	M	M	M	M	M	m	m
S	S	S	S	S	S	S	S	DH	DH	BH	BH	BH	BH	BH	DH	DH	S	S	S	S	S	S	S	S	S	S	S	S	S	S	S	S	S	S	S	S	S	S	S	S	DH	DH	BH	BH	BH	BH	DH	DH	S	S	S	S	S	DH	DH	DH	DH	DH	BH	BH	BH	DH	DH	DH	DH	DH	S	S
---------------																																																																				
>-2-02																																																																				
-5.68																																																																				
G	G	G	A	C	A	G	G	G	C	T	A	G	C	T	A	G	C	A	G	T	G	A	T	A	A	T	G	C	T	C	A	G	C	T	C	C	A	T	T	A	A	T	T	A	G	G	A	G	A	A	G	T	T	G	A	G	G	C	A	A	A	G	C	T	T	C	C	G
1	2	3	4	5	6	7	8	9	10	11	12	13	14	15	16	17	18	19	20	21	22	23	24	25	26	27	28	29	30	31	32	33	34	35	36	37	38	39	40	41	42	43	44	45	46	47	48	49	50	51	52	53	54	55	56	57	58	59	60	61	62	63	64	65	66	67	68	69
0	0	0	0	22	21	0	0	18	17	16	0	0	0	0	11	10	9	0	0	6	5	0	0	0	0	0	0	0	0	0	0	0	49	48	47	46	0	0	0	0	0	0	0	0	37	36	35	34	0	0	0	0	0	67	66	65	64	63	0	0	0	59	58	57	56	55	0	0
0	0	0	0	1	1	1	1	2	2	2	2	2	2	2	2	2	2	1	1	1	1	0	0	0	0	0	0	0	0	0	0	0	1	1	1	1	1	1	1	1	1	1	1	1	1	1	1	1	0	0	0	0	0	1	1	1	1	1	1	1	1	1	1	1	1	1	0	0
m	m	m	m	1	1	1	1	M	M	M	M	M	M	M	M	M	M	-1	-1	-1	-1	m	m	m	m	m	m	m	m	m	m	m	M	M	M	M	M	M	M	M	M	M	M	M	M	M	M	M	m	m	m	m	m	M	M	M	M	M	M	M	M	M	M	M	M	M	m	m
S	S	S	S	D	D	IS	IS	DH	DH	DH	BH	BH	BH	BH	DH	DH	DH	IS	IS	D	D	S	S	S	S	S	S	S	S	S	S	S	DH	DH	DH	DH	BH	BH	BH	BH	BH	BH	BH	BH	DH	DH	DH	DH	S	S	S	S	S	DH	DH	DH	DH	DH	BH	BH	BH	DH	DH	DH	DH	DH	S	S
---------------																																																																				
>-2-02																																																																				
-5.45																																																																				
G	G	G	A	C	A	G	G	G	C	T	A	G	C	T	A	G	C	A	G	T	G	A	T	A	A	T	G	C	T	C	A	G	C	T	C	C	A	T	T	A	A	T	T	A	G	G	A	G	A	A	G	T	T	G	A	G	G	C	A	A	A	G	C	T	T	C	C	G
1	2	3	4	5	6	7	8	9	10	11	12	13	14	15	16	17	18	19	20	21	22	23	24	25	26	27	28	29	30	31	32	33	34	35	36	37	38	39	40	41	42	43	44	45	46	47	48	49	50	51	52	53	54	55	56	57	58	59	60	61	62	63	64	65	66	67	68	69
0	0	0	0	0	0	0	0	0	0	0	0	0	0	0	30	29	28	27	0	0	0	0	0	0	0	19	18	17	16	0	0	0	49	48	47	46	0	0	0	0	0	0	0	0	37	36	35	34	0	0	0	0	0	67	66	65	64	63	0	0	0	59	58	57	56	55	0	0
0	0	0	0	0	0	0	0	0	0	0	0	0	0	0	1	1	1	1	1	1	1	1	1	1	1	1	1	1	1	0	0	0	1	1	1	1	1	1	1	1	1	1	1	1	1	1	1	1	0	0	0	0	0	1	1	1	1	1	1	1	1	1	1	1	1	1	0	0
m	m	m	m	m	m	m	m	m	m	m	m	m	m	m	M	M	M	M	M	M	M	M	M	M	M	M	M	M	M	m	m	m	M	M	M	M	M	M	M	M	M	M	M	M	M	M	M	M	m	m	m	m	m	M	M	M	M	M	M	M	M	M	M	M	M	M	m	m
S	S	S	S	S	S	S	S	S	S	S	S	S	S	S	DH	DH	DH	DH	BH	BH	BH	BH	BH	BH	BH	DH	DH	DH	DH	S	S	S	DH	DH	DH	DH	BH	BH	BH	BH	BH	BH	BH	BH	DH	DH	DH	DH	S	S	S	S	S	DH	DH	DH	DH	DH	BH	BH	BH	DH	DH	DH	DH	DH	S	S
---------------																																																																				
>-3-05																																																																				
-5.19																																																																				
G	G	G	A	C	A	G	G	G	C	T	A	G	C	A	A	A	G	G	C	C	G	G	A	G	T	A	T	G	A	T	G	G	A	T	T	C	A	A	A	C	C	G	T	T	T	C	G	C	T	C	C	T	A	G	A	G	G	C	A	A	A	G	C	T	T	C	C	G
1	2	3	4	5	6	7	8	9	10	11	12	13	14	15	16	17	18	19	20	21	22	23	24	25	26	27	28	29	30	31	32	33	34	35	36	37	38	39	40	41	42	43	44	45	46	47	48	49	50	51	52	53	54	55	56	57	58	59	60	61	62	63	64	65	66	67	68	69
0	0	0	0	0	0	21	20	0	18	17	0	0	0	0	0	11	10	0	8	7	52	51	50	49	48	0	0	45	44	43	42	41	0	0	0	0	0	0	0	33	32	31	30	29	0	0	26	25	24	23	22	0	0	67	66	65	64	63	0	0	0	59	58	57	56	55	0	0
0	0	0	0	0	0	1	1	1	2	2	2	2	2	2	2	2	2	1	1	1	2	2	2	2	2	1	1	2	2	2	2	2	2	2	2	2	2	2	2	2	2	2	2	2	1	1	1	1	1	1	1	0	0	1	1	1	1	1	1	1	1	1	1	1	1	1	0	0
m	m	m	m	m	m	1	1	1	M	M	M	M	M	M	M	M	M	m	m	m	M	M	M	M	M	m	m	M	M	M	M	M	M	M	M	M	M	M	M	M	M	M	M	M	-1	-1	-1	-1	-1	-1	-1	m	m	M	M	M	M	M	M	M	M	M	M	M	M	M	m	m
S	S	S	S	S	S	D	D	DH	DH	IAH	IAH	IAH	IAH	IAH	DH	DH	D	D	DH	DH	DH	DH	DH	DH	DH	DH	DH	DH	IAH	IAH	IAH	IAH	IAH	IAH	IAH	DH	DH	DH	DH	DH	D	D	D	D	D	S	S	DH	DH	DH	DH	DH	BH	BH	BH	DH	DH	DH	DH	DH	S	S	S	S	S	S	S	S
---------------																																																																				
>-3-12																																																																				
-5.03																																																																				
G	G	G	A	C	A	G	G	G	C	T	A	G	C	T	T	T	A	A	C	G	T	A	G	T	A	A	A	C	T	T	T	T	C	A	A	G	T	G	T	A	A	A	T	C	T	C	A	C	A	A	T	A	T	G	A	G	G	C	A	A	A	G	C	T	T	C	C	G
1	2	3	4	5	6	7	8	9	10	11	12	13	14	15	16	17	18	19	20	21	22	23	24	25	26	27	28	29	30	31	32	33	34	35	36	37	38	39	40	41	42	43	44	45	46	47	48	49	50	51	52	53	54	55	56	57	58	59	60	61	62	63	64	65	66	67	68	69
0	0	0	0	0	0	0	0	0	0	0	65	64	63	62	61	60	0	25	24	0	0	0	20	19	0	0	38	37	36	0	0	0	0	0	30	29	28	0	0	0	0	0	0	57	56	55	54	0	0	0	0	0	48	47	46	45	0	0	17	16	15	14	13	12	0	0	0	0
0	0	0	0	0	0	0	0	0	0	0	1	1	1	1	1	1	1	2	2	2	2	2	2	2	1	1	2	2	2	2	2	2	2	2	2	2	2	1	1	1	1	1	1	2	2	2	2	2	2	2	2	2	2	2	2	2	1	1	1	1	1	1	1	1	0	0	0	0
m	m	m	m	m	m	m	m	m	m	m	1	1	1	1	1	1	1	M	M	M	M	M	M	M	m	m	M	M	M	M	M	M	M	M	M	M	M	m	m	m	m	m	m	M	M	M	M	M	M	M	M	M	M	M	M	M	-1	-1	-1	-1	-1	-1	-1	-1	m	m	m	m
S	S	S	S	S	S	S	S	S	S	S	D	D	D	D	D	D	DH	DH	MH	MH	MH	DH	DH	DH	DH	DH	MH	MH	MH	MH	MH	DH	DH	DH	DH	DH	DH	DH	MH	MH	MH	MH	MH	DH	DH	DH	DH	D	D	D	D	D	D	S	S	S	S	S	S	S	S	S	S	S	S	S	S	S
---------------																																																																				
>-3-13																																																																				
-3.63																																																																				
G	G	G	A	C	A	G	G	G	C	T	A	G	C	T	T	G	T	A	G	T	A	C	T	T	T	T	A	C	G	T	T	T	A	G	A	T	G	A	G	G	T	T	G	G	G	C	A	C	C	A	T	A	A	G	A	G	G	C	A	A	A	G	C	T	T	C	C	G
1	2	3	4	5	6	7	8	9	10	11	12	13	14	15	16	17	18	19	20	21	22	23	24	25	26	27	28	29	30	31	32	33	34	35	36	37	38	39	40	41	42	43	44	45	46	47	48	49	50	51	52	53	54	55	56	57	58	59	60	61	62	63	64	65	66	67	68	69
0	0	0	18	17	16	15	14	0	0	0	0	0	8	7	6	5	4	0	0	0	0	0	0	0	0	0	0	0	0	0	0	0	0	0	0	0	0	0	0	0	0	51	50	49	0	0	0	45	44	43	0	0	0	67	66	65	64	63	0	0	0	59	58	57	56	55	0	0
0	0	0	1	1	1	1	1	1	1	1	1	1	1	1	1	1	1	0	0	0	0	0	0	0	0	0	0	0	0	0	0	0	0	0	0	0	0	0	0	0	0	1	1	1	1	1	1	1	1	1	0	0	0	1	1	1	1	1	1	1	1	1	1	1	1	1	0	0
m	m	m	M	M	M	M	M	M	M	M	M	M	M	M	M	M	M	m	m	m	m	m	m	m	m	m	m	m	m	m	m	m	m	m	m	m	m	m	m	m	m	M	M	M	M	M	M	M	M	M	m	m	m	M	M	M	M	M	M	M	M	M	M	M	M	M	m	m
S	S	S	DH	DH	DH	DH	DH	BH	BH	BH	BH	BH	DH	DH	DH	DH	DH	S	S	S	S	S	S	S	S	S	S	S	S	S	S	S	S	S	S	S	S	S	S	S	S	DH	DH	DH	BH	BH	BH	DH	DH	DH	S	S	S	DH	DH	DH	DH	DH	BH	BH	BH	DH	DH	DH	DH	DH	S	S
---------------																																																																				
>-3-14																																																																				
-2.68																																																																				
G	G	G	A	C	A	G	G	G	C	T	A	G	C	T	G	G	G	T	A	A	A	T	C	G	G	T	G	G	A	G	T	A	G	A	T	A	A	G	T	T	A	T	C	G	A	C	G	G	G	T	C	A	T	G	A	G	G	C	A	A	A	G	C	T	T	C	C	G
1	2	3	4	5	6	7	8	9	10	11	12	13	14	15	16	17	18	19	20	21	22	23	24	25	26	27	28	29	30	31	32	33	34	35	36	37	38	39	40	41	42	43	44	45	46	47	48	49	50	51	52	53	54	55	56	57	58	59	60	61	62	63	64	65	66	67	68	69
0	0	0	0	16	15	14	0	0	0	0	0	0	7	6	5	0	0	0	0	0	0	0	0	0	0	0	0	0	0	47	46	0	44	43	42	0	0	0	0	0	36	35	34	0	32	31	0	0	0	0	0	0	0	67	66	65	64	63	0	0	0	59	58	57	56	55	0	0
0	0	0	0	1	1	1	1	1	1	1	1	1	1	1	1	0	0	0	0	0	0	0	0	0	0	0	0	0	0	1	1	1	2	2	2	2	2	2	2	2	2	2	2	1	1	1	0	0	0	0	0	0	0	1	1	1	1	1	1	1	1	1	1	1	1	1	0	0
m	m	m	m	M	M	M	M	M	M	M	M	M	M	M	M	m	m	m	m	m	m	m	m	m	m	m	m	m	m	1	1	1	M	M	M	M	M	M	M	M	M	M	M	-1	-1	-1	m	m	m	m	m	m	m	M	M	M	M	M	M	M	M	M	M	M	M	M	m	m
S	S	S	S	DH	DH	DH	BH	BH	BH	BH	BH	BH	DH	DH	DH	S	S	S	S	S	S	S	S	S	S	S	S	S	S	D	D	IS	DH	DH	DH	BH	BH	BH	BH	BH	DH	DH	DH	IS	D	D	S	S	S	S	S	S	S	DH	DH	DH	DH	DH	BH	BH	BH	DH	DH	DH	DH	DH	S	S
---------------																																																																				
>-3-19																																																																				
-5.51																																																																				
G	G	G	A	C	A	G	G	G	C	T	A	G	C	G	T	A	T	C	A	C	T	G	T	T	G	A	G	G	G	A	T	T	T	A	T	G	G	C	G	G	A	C	C	C	C	A	G	A	G	G	C	C	C	G	A	G	G	C	A	A	A	G	C	T	T	C	C	G
1	2	3	4	5	6	7	8	9	10	11	12	13	14	15	16	17	18	19	20	21	22	23	24	25	26	27	28	29	30	31	32	33	34	35	36	37	38	39	40	41	42	43	44	45	46	47	48	49	50	51	52	53	54	55	56	57	58	59	60	61	62	63	64	65	66	67	68	69
0	0	0	0	0	0	0	0	0	0	0	0	0	0	0	0	32	31	30	0	28	27	0	0	0	0	22	21	0	19	18	17	0	0	0	0	0	0	55	54	53	0	51	50	0	0	0	0	0	44	43	0	41	40	39	0	0	0	0	0	0	0	0	0	0	0	0	0	0
0	0	0	0	0	0	0	0	0	0	0	0	0	0	0	0	1	1	1	1	2	2	2	2	2	2	2	2	1	1	1	1	0	0	0	0	0	0	1	1	1	1	2	2	2	2	2	2	2	2	2	1	1	1	1	0	0	0	0	0	0	0	0	0	0	0	0	0	0
m	m	m	m	m	m	m	m	m	m	m	m	m	m	m	m	1	1	1	1	M	M	M	M	M	M	M	M	-1	-1	-1	-1	m	m	m	m	m	m	1	1	1	1	M	M	M	M	M	M	M	M	M	-1	-1	-1	-1	m	m	m	m	m	m	m	m	m	m	m	m	m	m
S	S	S	S	S	S	S	S	S	S	S	S	S	S	S	S	D	D	D	IS	DH	DH	BH	BH	BH	BH	DH	DH	IS	D	D	D	S	S	S	S	S	S	D	D	D	IS	DH	DH	BH	BH	BH	BH	BH	DH	DH	IS	D	D	D	S	S	S	S	S	S	S	S	S	S	S	S	S	S
---------------																																																																				
>-3-24																																																																				
-1.67																																																																				
G	G	G	A	C	A	G	G	G	C	T	A	G	C	A	T	C	A	A	T	T	T	C	A	A	T	C	A	T	A	T	A	C	A	C	A	T	A	A	T	G	G	T	T	T	A	A	G	T	C	T	C	A	A	G	A	G	G	C	A	A	A	G	C	T	T	C	C	G
1	2	3	4	5	6	7	8	9	10	11	12	13	14	15	16	17	18	19	20	21	22	23	24	25	26	27	28	29	30	31	32	33	34	35	36	37	38	39	40	41	42	43	44	45	46	47	48	49	50	51	52	53	54	55	56	57	58	59	60	61	62	63	64	65	66	67	68	69
0	0	0	0	0	0	0	0	64	63	62	0	59	58	0	56	55	0	0	0	0	0	0	44	43	42	41	40	39	0	0	0	0	0	0	0	0	0	29	28	27	26	25	24	0	0	0	0	0	0	0	0	0	0	17	16	0	14	13	0	0	11	10	9	0	0	0	0	0
0	0	0	0	0	0	0	0	1	1	1	1	2	2	2	3	3	3	3	3	3	3	3	4	4	4	4	4	4	4	4	4	4	4	4	4	4	4	4	4	4	4	4	4	3	3	3	3	3	3	3	3	3	3	3	3	2	2	2	1	1	1	1	1	0	0	0	0	0
m	m	m	m	m	m	m	m	1	1	1	1	1	1	1	1	1	1	1	1	1	1	1	M	M	M	M	M	M	M	M	M	M	M	M	M	M	M	M	M	M	M	M	M	-1	-1	-1	-1	-1	-1	-1	-1	-1	-1	-1	-1	-1	-1	-1	-1	-1	-1	-1	-1	m	m	m	m	m
S	S	S	S	S	S	S	S	D	D	D	IA	D	D	IS	D	D	IA	IA	IA	IA	IA	IA	DH	DH	DH	DH	DH	DH	BH	BH	BH	BH	BH	BH	BH	BH	BH	DH	DH	DH	DH	DH	DH	IA	IA	IA	IA	IA	IA	IA	IA	IA	IA	D	D	IS	D	D	IA	IA	D	D	D	S	S	S	S	S
---------------																																																																				
>-3-29																																																																				
-4.7																																																																				
G	G	G	A	C	A	G	G	G	C	T	A	G	C	G	C	C	A	G	G	T	A	A	A	T	A	A	C	G	C	A	C	A	A	G	G	T	C	C	A	C	T	A	T	T	C	T	C	C	T	A	T	T	T	G	A	G	G	C	A	A	A	G	C	T	T	C	C	G
1	2	3	4	5	6	7	8	9	10	11	12	13	14	15	16	17	18	19	20	21	22	23	24	25	26	27	28	29	30	31	32	33	34	35	36	37	38	39	40	41	42	43	44	45	46	47	48	49	50	51	52	53	54	55	56	57	58	59	60	61	62	63	64	65	66	67	68	69
0	39	38	37	36	0	0	0	0	0	0	0	30	29	28	0	0	0	0	0	0	0	0	0	0	0	0	15	14	13	0	0	0	0	0	5	4	3	2	0	0	0	0	0	0	0	0	58	57	56	0	0	0	0	0	50	49	48	0	0	0	0	0	0	0	0	0	0	0
0	1	1	1	1	1	1	1	1	1	1	1	2	2	2	2	2	2	2	2	2	2	2	2	2	2	2	2	2	2	1	1	1	1	1	1	1	1	1	0	0	0	0	0	0	0	0	1	1	1	1	1	1	1	1	1	1	1	0	0	0	0	0	0	0	0	0	0	0
m	1	1	1	1	1	1	1	1	1	1	1	M	M	M	M	M	M	M	M	M	M	M	M	M	M	M	M	M	M	-1	-1	-1	-1	-1	-1	-1	-1	-1	m	m	m	m	m	m	m	m	M	M	M	M	M	M	M	M	M	M	M	m	m	m	m	m	m	m	m	m	m	m
S	D	D	D	D	IA	IA	IA	IA	IA	IA	IA	DH	DH	DH	BH	BH	BH	BH	BH	BH	BH	BH	BH	BH	BH	BH	DH	DH	DH	IA	IA	IA	IA	IA	D	D	D	D	S	S	S	S	S	S	S	S	DH	DH	DH	BH	BH	BH	BH	BH	DH	DH	DH	S	S	S	S	S	S	S	S	S	S	S
---------------																																																																				
>-3-30																																																																				
-4.44																																																																				
G	G	G	A	C	A	G	G	G	C	T	A	G	C	A	C	G	T	T	A	G	T	G	A	T	T	T	T	A	T	C	C	C	T	A	A	G	T	T	T	A	T	C	T	A	T	T	A	G	G	T	C	A	A	G	A	G	G	C	A	A	A	G	C	T	T	C	C	G
1	2	3	4	5	6	7	8	9	10	11	12	13	14	15	16	17	18	19	20	21	22	23	24	25	26	27	28	29	30	31	32	33	34	35	36	37	38	39	40	41	42	43	44	45	46	47	48	49	50	51	52	53	54	55	56	57	58	59	60	61	62	63	64	65	66	67	68	69
0	0	0	0	0	0	0	0	0	0	0	0	0	23	22	21	0	0	0	0	16	15	14	0	0	0	0	0	0	0	0	50	49	48	47	46	0	0	0	0	0	0	0	0	0	36	35	34	33	32	0	0	0	0	67	66	65	64	63	0	0	0	59	58	57	56	55	0	0
0	0	0	0	0	0	0	0	0	0	0	0	0	1	1	1	1	1	1	1	1	1	1	0	0	0	0	0	0	0	0	1	1	1	1	1	1	1	1	1	1	1	1	1	1	1	1	1	1	1	0	0	0	0	1	1	1	1	1	1	1	1	1	1	1	1	1	0	0
m	m	m	m	m	m	m	m	m	m	m	m	m	M	M	M	M	M	M	M	M	M	M	m	m	m	m	m	m	m	m	M	M	M	M	M	M	M	M	M	M	M	M	M	M	M	M	M	M	M	m	m	m	m	M	M	M	M	M	M	M	M	M	M	M	M	M	m	m
S	S	S	S	S	S	S	S	S	S	S	S	S	DH	DH	DH	BH	BH	BH	BH	DH	DH	DH	S	S	S	S	S	S	S	S	DH	DH	DH	DH	DH	BH	BH	BH	BH	BH	BH	BH	BH	BH	DH	DH	DH	DH	DH	S	S	S	S	DH	DH	DH	DH	DH	BH	BH	BH	DH	DH	DH	DH	DH	S	S
---------------																																																																				